{
  "duration":[half, quarter, quarter, quarter, quarter, dottedhalf, dottedhalf,
            half, quarter, quarter, quarter, quarter, tied,
            quarter, quarter, quarter, quarter, quarter, quarter,
            half, quarter, dottedhalf,
            half, quarter, quarter, quarter, quarter,
            quarter, quarter, quarter, quarter, quarter, quarter,
            half, quarter, quarter, quarter, quarter, dottedhalf, half, quarter,
            half, quarter, quarter, quarter, quarter, whole,
            quarter, quarter, dottedhalf, dottedhalf, quarter, quarter, quarter, quarter,
            quarter, quarter, dottedhalf, dottedhalf, tied],
  "correct":[c4, c5, a4, g4, e4, g4, d4,
            c4, c5, a4, g4, e4, g4,
            a4, gs4, a4, e4, f4, g4,
            a4, f4, d4,
            a4, a4, a4, b4, c5,
            d5, b4, a4, g4, e4, d4,
            c4, c5, a4, g4, e4, g4, d4, d4,
            c4, d4, e4, f4, g4, a4,
            a4, b4, c5, c5, c5, b4, a4, g4,
            fs4, g4, a4, b4, c5],
  "notesPerLevel":[7, 6, 6, 3, 5, 6, 8, 6, 8, 5],
  "notesPerLevelSum":[0, 7, 13, 19, 22, 27, 33, 41, 47, 55, 60],
  "numNotes":60
}
